--
-- Database: `flight`
--

-- --------------------------------------------------------

--
-- Dumping data for table `airport`
--

INSERT INTO `airport` (`ID`, `name`) VALUES
(1, 'ATL'),
(2, 'ORD'),
(3, 'DFW'),
(4, 'JFK'),
(5, 'LAX'),
(6, 'SFO'),
(7, 'CLT'),
(8, 'MIA'),
(9, 'AUK'),
(10, 'SYD'),
(11, 'LHR'),
(12, 'CDG'),
(13, 'FRA');

-- --------------------------------------------------------

--
-- Dumping data for table `airport_location`
--

INSERT INTO `airport_location` (`ID`, `location_ID`, `airport_ID`) VALUES
(1, 1, 1),
(2, 2, 2),
(3, 3, 3),
(4, 4, 4),
(5, 5, 5),
(6, 6, 6),
(7, 7, 7),
(8, 8, 8),
(9, 9, 9),
(10, 10, 10),
(11, 11, 11),
(12, 12, 12),
(13, 13, 13);

-- --------------------------------------------------------


--
-- Dumping data for table `departures`
--

INSERT INTO `departures` (`ID`, `airport_ID`, `flight_ID`, `date_time`) VALUES
(1, 10, 1, '2022-12-13 20:45:44'),
(2, 10, 2, '2022-12-14 06:28:48'),
(3, 10, 3, '2022-12-14 05:29:46'),
(4, 10, 4, '2022-12-14 03:46:24'),
(5, 10, 5, '2022-12-14 02:35:26'),
(6, 10, 6, '2022-12-18 08:47:22'),
(7, 10, 7, '2022-12-18 15:54:58'),
(8, 10, 8, '2022-12-18 04:27:42'),
(9, 10, 9, '2022-12-18 16:10:15'),
(10, 10, 10, '2022-12-18 07:37:43'),
(11, 11, 11, '2022-12-14 01:31:25'),
(12, 11, 12, '2022-12-14 05:57:46'),
(13, 11, 13, '2022-12-14 08:40:44'),
(14, 11, 14, '2022-12-14 02:00:18'),
(15, 11, 15, '2022-12-14 07:31:34'),
(16, 1, 16, '2022-12-17 05:14:13'),
(17, 1, 17, '2022-12-17 00:16:56'),
(18, 1, 18, '2022-12-17 02:27:25'),
(19, 1, 19, '2022-12-17 05:51:41'),
(20, 1, 20, '2022-12-17 03:12:04'),
(21, 11, 21, '2022-12-15 08:21:14'),
(22, 11, 22, '2022-12-15 03:37:23'),
(23, 11, 23, '2022-12-15 08:24:34'),
(24, 11, 24, '2022-12-15 08:15:32'),
(25, 11, 25, '2022-12-15 08:23:55'),
(26, 3, 26, '2022-12-14 01:45:39'),
(27, 3, 27, '2022-12-13 21:46:29'),
(28, 3, 28, '2022-12-14 09:06:09'),
(29, 3, 29, '2022-12-14 01:10:49'),
(30, 3, 30, '2022-12-14 08:59:20'),
(31, 1, 31, '2022-12-20 17:19:58'),
(32, 1, 32, '2022-12-20 14:10:25'),
(33, 1, 33, '2022-12-20 17:26:40'),
(34, 1, 34, '2022-12-20 21:14:39'),
(35, 1, 35, '2022-12-20 21:51:11'),
(36, 3, 36, '2022-12-18 09:43:15'),
(37, 3, 37, '2022-12-18 16:19:02'),
(38, 3, 38, '2022-12-18 04:22:29'),
(39, 3, 39, '2022-12-18 07:19:13'),
(40, 3, 40, '2022-12-18 07:46:18'),
(41, 5, 41, '2022-12-17 03:48:11'),
(42, 5, 42, '2022-12-17 02:46:21'),
(43, 5, 43, '2022-12-17 10:54:16'),
(44, 5, 44, '2022-12-17 09:38:08'),
(45, 5, 45, '2022-12-17 08:03:59'),
(46, 8, 46, '2022-12-13 06:58:49'),
(47, 8, 47, '2022-12-13 16:52:15'),
(48, 8, 48, '2022-12-13 09:16:28'),
(49, 8, 49, '2022-12-13 07:31:51'),
(50, 8, 50, '2022-12-13 12:09:16'),
(51, 11, 51, '2022-12-18 07:38:08'),
(52, 11, 52, '2022-12-18 10:35:02'),
(53, 11, 53, '2022-12-18 08:58:42'),
(54, 11, 54, '2022-12-18 17:47:15'),
(55, 11, 55, '2022-12-18 12:24:58'),
(56, 12, 56, '2022-12-18 15:26:23'),
(57, 12, 57, '2022-12-18 09:48:35'),
(58, 12, 58, '2022-12-18 06:31:02'),
(59, 12, 59, '2022-12-18 03:39:10'),
(60, 12, 60, '2022-12-18 12:55:39'),
(61, 1, 61, '2022-12-15 01:15:30'),
(62, 1, 62, '2022-12-15 07:03:47'),
(63, 1, 63, '2022-12-15 05:05:25'),
(64, 1, 64, '2022-12-15 07:24:10'),
(65, 1, 65, '2022-12-15 00:15:34'),
(66, 4, 66, '2022-12-20 17:20:41'),
(67, 4, 67, '2022-12-20 17:13:16'),
(68, 4, 68, '2022-12-20 11:16:01'),
(69, 4, 69, '2022-12-20 11:19:57'),
(70, 4, 70, '2022-12-20 14:04:11'),
(71, 1, 71, '2022-12-13 15:42:34'),
(72, 1, 72, '2022-12-13 15:37:38'),
(73, 1, 73, '2022-12-13 22:09:20'),
(74, 1, 74, '2022-12-13 19:43:34'),
(75, 1, 75, '2022-12-13 20:46:12'),
(76, 8, 76, '2022-12-21 18:07:54'),
(77, 8, 77, '2022-12-21 22:51:11'),
(78, 8, 78, '2022-12-21 16:54:16'),
(79, 8, 79, '2022-12-21 23:35:00'),
(80, 8, 80, '2022-12-21 16:11:22'),
(81, 6, 81, '2022-12-17 16:27:34'),
(82, 6, 82, '2022-12-17 19:42:19'),
(83, 6, 83, '2022-12-17 17:03:17'),
(84, 6, 84, '2022-12-17 17:39:09'),
(85, 6, 85, '2022-12-17 17:59:35'),
(86, 5, 86, '2022-12-17 16:00:34'),
(87, 5, 87, '2022-12-17 21:07:12'),
(88, 5, 88, '2022-12-17 09:39:09'),
(89, 5, 89, '2022-12-17 13:31:00'),
(90, 5, 90, '2022-12-17 15:51:55'),
(91, 7, 91, '2022-12-14 11:10:08'),
(92, 7, 92, '2022-12-14 22:24:21'),
(93, 7, 93, '2022-12-14 13:37:27'),
(94, 7, 94, '2022-12-14 11:14:49'),
(95, 7, 95, '2022-12-14 19:11:26'),
(96, 11, 96, '2022-12-14 15:01:00'),
(97, 11, 97, '2022-12-14 18:09:36'),
(98, 11, 98, '2022-12-14 05:01:58'),
(99, 11, 99, '2022-12-14 08:11:18'),
(100, 11, 100, '2022-12-14 15:28:21'),
(101, 4, 101, '2022-12-15 23:13:45'),
(102, 4, 102, '2022-12-15 13:05:06'),
(103, 4, 103, '2022-12-15 13:11:32'),
(104, 4, 104, '2022-12-15 18:27:43'),
(105, 4, 105, '2022-12-15 10:23:40'),
(106, 11, 106, '2022-12-15 04:01:05'),
(107, 11, 107, '2022-12-15 08:31:37'),
(108, 11, 108, '2022-12-15 09:11:02'),
(109, 11, 109, '2022-12-15 06:39:24'),
(110, 11, 110, '2022-12-15 06:37:10'),
(111, 3, 111, '2022-12-16 14:26:52'),
(112, 3, 112, '2022-12-16 18:05:03'),
(113, 3, 113, '2022-12-16 20:02:31'),
(114, 3, 114, '2022-12-16 16:53:10'),
(115, 3, 115, '2022-12-16 12:43:50'),
(116, 4, 116, '2022-12-18 23:08:57'),
(117, 4, 117, '2022-12-18 22:58:19'),
(118, 4, 118, '2022-12-18 18:10:51'),
(119, 4, 119, '2022-12-18 17:58:30'),
(120, 4, 120, '2022-12-19 04:26:51'),
(121, 7, 121, '2022-12-13 14:57:13'),
(122, 7, 122, '2022-12-13 05:40:04'),
(123, 7, 123, '2022-12-13 10:56:37'),
(124, 7, 124, '2022-12-13 06:06:19'),
(125, 7, 125, '2022-12-13 12:26:57'),
(126, 9, 126, '2022-12-13 13:43:22'),
(127, 9, 127, '2022-12-13 23:19:59'),
(128, 9, 128, '2022-12-13 23:46:21'),
(129, 9, 129, '2022-12-13 13:58:00'),
(130, 9, 130, '2022-12-13 22:46:59'),
(131, 11, 131, '2022-12-16 05:20:43'),
(132, 11, 132, '2022-12-16 04:02:38'),
(133, 11, 133, '2022-12-15 23:12:01'),
(134, 11, 134, '2022-12-15 18:48:56'),
(135, 11, 135, '2022-12-16 05:43:23'),
(136, 1, 136, '2022-12-19 04:37:10'),
(137, 1, 137, '2022-12-18 15:47:33'),
(138, 1, 138, '2022-12-18 23:06:53'),
(139, 1, 139, '2022-12-18 17:13:16'),
(140, 1, 140, '2022-12-19 01:46:53'),
(141, 9, 141, '2022-12-13 19:27:14'),
(142, 9, 142, '2022-12-13 08:19:25'),
(143, 9, 143, '2022-12-13 08:21:40'),
(144, 9, 144, '2022-12-13 13:43:22'),
(145, 9, 145, '2022-12-13 20:09:50'),
(146, 10, 146, '2022-12-14 16:22:39'),
(147, 10, 147, '2022-12-14 19:32:15'),
(148, 10, 148, '2022-12-14 21:09:52'),
(149, 10, 149, '2022-12-14 21:53:14'),
(150, 10, 150, '2022-12-15 02:58:44'),
(151, 3, 151, '2022-12-16 08:28:15'),
(152, 3, 152, '2022-12-16 03:18:42'),
(153, 3, 153, '2022-12-15 21:20:53'),
(154, 3, 154, '2022-12-15 23:00:37'),
(155, 3, 155, '2022-12-16 07:27:44'),
(156, 1, 156, '2022-12-13 11:51:26'),
(157, 1, 157, '2022-12-13 08:40:10'),
(158, 1, 158, '2022-12-13 05:10:57'),
(159, 1, 159, '2022-12-13 05:03:58'),
(160, 1, 160, '2022-12-13 14:22:28'),
(161, 9, 161, '2022-12-14 06:39:01'),
(162, 9, 162, '2022-12-14 10:55:45'),
(163, 9, 163, '2022-12-14 09:51:20'),
(164, 9, 164, '2022-12-14 17:51:09'),
(165, 9, 165, '2022-12-14 11:22:51'),
(166, 11, 166, '2022-12-17 07:48:16'),
(167, 11, 167, '2022-12-17 08:13:46'),
(168, 11, 168, '2022-12-17 08:10:03'),
(169, 11, 169, '2022-12-17 10:22:57'),
(170, 11, 170, '2022-12-17 15:05:03'),
(171, 4, 171, '2022-12-17 13:31:24'),
(172, 4, 172, '2022-12-17 02:55:19'),
(173, 4, 173, '2022-12-17 04:24:59'),
(174, 4, 174, '2022-12-17 04:22:35'),
(175, 4, 175, '2022-12-17 01:25:05'),
(176, 1, 176, '2022-12-17 14:14:25'),
(177, 1, 177, '2022-12-17 11:46:28'),
(178, 1, 178, '2022-12-17 10:22:25'),
(179, 1, 179, '2022-12-17 08:58:24'),
(180, 1, 180, '2022-12-17 06:48:52'),
(181, 11, 181, '2022-12-16 19:47:20'),
(182, 11, 182, '2022-12-17 08:05:08'),
(183, 11, 183, '2022-12-16 21:11:18'),
(184, 11, 184, '2022-12-16 21:44:10'),
(185, 11, 185, '2022-12-17 01:39:37'),
(186, 6, 186, '2022-12-16 06:29:55'),
(187, 6, 187, '2022-12-15 20:08:08'),
(188, 6, 188, '2022-12-15 20:22:23'),
(189, 6, 189, '2022-12-15 19:22:45'),
(190, 6, 190, '2022-12-16 06:13:47'),
(191, 4, 191, '2022-12-15 00:31:07'),
(192, 4, 192, '2022-12-15 03:30:34'),
(193, 4, 193, '2022-12-15 00:13:52'),
(194, 4, 194, '2022-12-15 05:21:59'),
(195, 4, 195, '2022-12-14 21:57:11'),
(196, 9, 196, '2022-12-16 04:22:31'),
(197, 9, 197, '2022-12-16 02:06:06'),
(198, 9, 198, '2022-12-16 14:47:19'),
(199, 9, 199, '2022-12-16 06:10:03'),
(200, 9, 200, '2022-12-16 03:07:56'),
(201, 2, 201, '2022-12-14 23:28:55'),
(202, 2, 202, '2022-12-14 23:23:19'),
(203, 2, 203, '2022-12-14 19:43:53'),
(204, 2, 204, '2022-12-15 00:59:01'),
(205, 2, 205, '2022-12-15 05:21:57'),
(206, 6, 206, '2022-12-18 00:57:40'),
(207, 6, 207, '2022-12-17 16:10:02'),
(208, 6, 208, '2022-12-17 16:18:43'),
(209, 6, 209, '2022-12-18 01:03:27'),
(210, 6, 210, '2022-12-17 14:38:59'),
(211, 3, 211, '2022-12-13 15:46:26'),
(212, 3, 212, '2022-12-13 22:44:23'),
(213, 3, 213, '2022-12-13 21:07:03'),
(214, 3, 214, '2022-12-13 22:56:22'),
(215, 3, 215, '2022-12-13 15:47:17'),
(216, 11, 216, '2022-12-18 00:01:54'),
(217, 11, 217, '2022-12-18 03:14:08'),
(218, 11, 218, '2022-12-17 21:44:54'),
(219, 11, 219, '2022-12-17 20:51:16'),
(220, 11, 220, '2022-12-18 06:54:55'),
(221, 2, 221, '2022-12-17 14:53:44'),
(222, 2, 222, '2022-12-17 15:03:02'),
(223, 2, 223, '2022-12-17 08:45:13'),
(224, 2, 224, '2022-12-17 18:28:12'),
(225, 2, 225, '2022-12-17 14:09:27'),
(226, 11, 226, '2022-12-14 00:54:06'),
(227, 11, 227, '2022-12-13 21:28:11'),
(228, 11, 228, '2022-12-14 04:39:15'),
(229, 11, 229, '2022-12-14 03:28:05'),
(230, 11, 230, '2022-12-13 21:11:20'),
(231, 4, 231, '2022-12-16 21:13:49'),
(232, 4, 232, '2022-12-16 09:12:35'),
(233, 4, 233, '2022-12-16 08:15:14'),
(234, 4, 234, '2022-12-16 08:37:43'),
(235, 4, 235, '2022-12-16 16:42:29'),
(236, 9, 236, '2022-12-15 12:36:33'),
(237, 9, 237, '2022-12-15 11:30:30'),
(238, 9, 238, '2022-12-15 12:49:26'),
(239, 9, 239, '2022-12-15 14:52:54'),
(240, 9, 240, '2022-12-15 13:24:47'),
(241, 1, 241, '2022-12-16 05:45:10'),
(242, 1, 242, '2022-12-16 02:07:35'),
(243, 1, 243, '2022-12-15 21:37:59'),
(244, 1, 244, '2022-12-16 02:55:04'),
(245, 1, 245, '2022-12-16 02:22:43'),
(246, 2, 246, '2022-12-20 08:53:12'),
(247, 2, 247, '2022-12-20 10:16:26'),
(248, 2, 248, '2022-12-20 13:36:38'),
(249, 2, 249, '2022-12-20 02:45:32'),
(250, 2, 250, '2022-12-20 05:55:57');

-- --------------------------------------------------------

--
-- Dumping data for table `flight`
--

INSERT INTO `flight` (`ID`, `number`, `company`, `A_capacity`, `A_occupancy`, `A_fare`, `B_capacity`, `B_occupancy`, `B_fare`, `C_capacity`, `C_occupancy`, `C_fare`) VALUES
(1, 'Southwest Airlines_1', 'Southwest Airlines', 200, 82, 283, 100, 81, 386, 50, 30, 2941),
(2, 'JetBlue_2', 'JetBlue', 200, 92, 114, 100, 1, 246, 50, 9, 1390),
(3, 'Alaska Airlines_3', 'Alaska Airlines', 200, 200, 144, 100, 100, 488, 50, 50, 1946),
(4, 'American Airlines_4', 'American Airlines', 200, 116, 166, 100, 0, 407, 50, 17, 1682),
(5, 'Frontier Airlines_5', 'Frontier Airlines', 200, 160, 203, 100, 78, 303, 50, 49, 1287),
(6, 'JetBlue_6', 'JetBlue', 200, 38, 116, 100, 91, 514, 50, 41, 2459),
(7, 'Frontier Airlines_7', 'Frontier Airlines', 200, 1, 233, 100, 97, 338, 50, 37, 2701),
(8, 'Air France_8', 'Air France', 200, 61, 250, 100, 4, 232, 50, 8, 2222),
(9, 'Alaska Airlines_9', 'Alaska Airlines', 200, 200, 169, 100, 100, 332, 50, 50, 2466),
(10, 'JetBlue_10', 'JetBlue', 200, 76, 195, 100, 45, 477, 50, 45, 1632),
(11, 'Air France_11', 'Air France', 200, 115, 191, 100, 35, 299, 50, 6, 2899),
(12, 'Air New Zealand_12', 'Air New Zealand', 200, 181, 104, 100, 8, 277, 50, 36, 2568),
(13, 'United Airlines_13', 'United Airlines', 200, 200, 171, 100, 100, 335, 50, 50, 2005),
(14, 'Southwest Airlines_14', 'Southwest Airlines', 200, 132, 147, 100, 22, 352, 50, 44, 1151),
(15, 'Air France_15', 'Air France', 200, 200, 228, 100, 100, 252, 50, 50, 2746),
(16, 'Alaska Airlines_16', 'Alaska Airlines', 200, 3, 195, 100, 51, 535, 50, 15, 2138),
(17, 'Frontier Airlines_17', 'Frontier Airlines', 200, 74, 291, 100, 21, 208, 50, 18, 1334),
(18, 'JetBlue_18', 'JetBlue', 200, 99, 183, 100, 88, 243, 50, 6, 1204),
(19, 'American Airlines_19', 'American Airlines', 200, 44, 208, 100, 91, 260, 50, 20, 1746),
(20, 'Southwest Airlines_20', 'Southwest Airlines', 200, 8, 138, 100, 39, 434, 50, 38, 2185),
(21, 'Southwest Airlines_21', 'Southwest Airlines', 200, 143, 123, 100, 15, 284, 50, 10, 1570),
(22, 'Alaska Airlines_22', 'Alaska Airlines', 200, 29, 272, 100, 0, 219, 50, 40, 2304),
(23, 'Southwest Airlines_23', 'Southwest Airlines', 200, 4, 149, 100, 69, 418, 50, 28, 2030),
(24, 'Southwest Airlines_24', 'Southwest Airlines', 200, 64, 180, 100, 33, 483, 50, 37, 2769),
(25, 'Virgin America_25', 'Virgin America', 200, 100, 116, 100, 83, 523, 50, 8, 2178),
(26, 'Virgin America_26', 'Virgin America', 200, 6, 152, 100, 98, 215, 50, 1, 1514),
(27, 'Alaska Airlines_27', 'Alaska Airlines', 200, 143, 126, 100, 37, 314, 50, 17, 1901),
(28, 'JetBlue_28', 'JetBlue', 200, 200, 250, 100, 100, 272, 50, 50, 1864),
(29, 'Air France_29', 'Air France', 200, 94, 265, 100, 14, 312, 50, 34, 2526),
(30, 'JetBlue_30', 'JetBlue', 200, 131, 176, 100, 70, 266, 50, 7, 1820),
(31, 'Frontier Airlines_31', 'Frontier Airlines', 200, 120, 194, 100, 73, 400, 50, 0, 2688),
(32, 'British Airways_32', 'British Airways', 200, 34, 125, 100, 60, 424, 50, 16, 1047),
(33, 'Alaska Airlines_33', 'Alaska Airlines', 200, 91, 244, 100, 6, 277, 50, 42, 1301),
(34, 'Southwest Airlines_34', 'Southwest Airlines', 200, 68, 130, 100, 90, 590, 50, 31, 2197),
(35, 'American Airlines_35', 'American Airlines', 200, 18, 196, 100, 10, 512, 50, 40, 2226),
(36, 'Virgin America_36', 'Virgin America', 200, 108, 204, 100, 88, 432, 50, 10, 1935),
(37, 'United Airlines_37', 'United Airlines', 200, 104, 164, 100, 60, 247, 50, 43, 1097),
(38, 'Virgin America_38', 'Virgin America', 200, 84, 191, 100, 82, 509, 50, 26, 1108),
(39, 'American Airlines_39', 'American Airlines', 200, 200, 218, 100, 100, 356, 50, 50, 1072),
(40, 'Southwest Airlines_40', 'Southwest Airlines', 200, 171, 274, 100, 61, 405, 50, 36, 1524),
(41, 'British Airways_41', 'British Airways', 200, 173, 160, 100, 6, 510, 50, 25, 1454),
(42, 'American Airlines_42', 'American Airlines', 200, 200, 286, 100, 100, 415, 50, 50, 1032),
(43, 'Delta Airlines_43', 'Delta Airlines', 200, 41, 255, 100, 83, 415, 50, 36, 1844),
(44, 'Air New Zealand_44', 'Air New Zealand', 200, 99, 248, 100, 69, 359, 50, 45, 2318),
(45, 'Air France_45', 'Air France', 200, 139, 251, 100, 59, 440, 50, 48, 2991),
(46, 'American Airlines_46', 'American Airlines', 200, 81, 235, 100, 16, 331, 50, 3, 1756),
(47, 'American Airlines_47', 'American Airlines', 200, 200, 166, 100, 100, 456, 50, 50, 2941),
(48, 'Frontier Airlines_48', 'Frontier Airlines', 200, 165, 174, 100, 48, 451, 50, 15, 1488),
(49, 'American Airlines_49', 'American Airlines', 200, 162, 263, 100, 66, 283, 50, 5, 1082),
(50, 'Southwest Airlines_50', 'Southwest Airlines', 200, 118, 206, 100, 35, 298, 50, 14, 2932),
(51, 'Air New Zealand_51', 'Air New Zealand', 200, 54, 151, 100, 25, 252, 50, 20, 2820),
(52, 'Virgin America_52', 'Virgin America', 200, 35, 158, 100, 61, 256, 50, 25, 1678),
(53, 'Frontier Airlines_53', 'Frontier Airlines', 200, 47, 175, 100, 16, 334, 50, 26, 2326),
(54, 'American Airlines_54', 'American Airlines', 200, 99, 238, 100, 77, 360, 50, 13, 2907),
(55, 'Delta Airlines_55', 'Delta Airlines', 200, 139, 220, 100, 83, 416, 50, 26, 2381),
(56, 'Virgin America_56', 'Virgin America', 200, 48, 276, 100, 0, 434, 50, 23, 1659),
(57, 'Virgin America_57', 'Virgin America', 200, 99, 295, 100, 24, 400, 50, 21, 1306),
(58, 'Virgin America_58', 'Virgin America', 200, 103, 168, 100, 33, 576, 50, 30, 1175),
(59, 'Virgin America_59', 'Virgin America', 200, 102, 282, 100, 8, 594, 50, 49, 1423),
(60, 'Southwest Airlines_60', 'Southwest Airlines', 200, 152, 116, 100, 91, 250, 50, 49, 2937),
(61, 'Air France_61', 'Air France', 200, 122, 111, 100, 12, 292, 50, 29, 1410),
(62, 'Air France_62', 'Air France', 200, 182, 215, 100, 45, 527, 50, 43, 2847),
(63, 'JetBlue_63', 'JetBlue', 200, 148, 252, 100, 42, 375, 50, 32, 1594),
(64, 'Alaska Airlines_64', 'Alaska Airlines', 200, 38, 278, 100, 72, 496, 50, 34, 2405),
(65, 'JetBlue_65', 'JetBlue', 200, 183, 213, 100, 25, 553, 50, 41, 1250),
(66, 'Air New Zealand_66', 'Air New Zealand', 200, 78, 291, 100, 32, 291, 50, 31, 1143),
(67, 'Alaska Airlines_67', 'Alaska Airlines', 200, 1, 244, 100, 36, 355, 50, 8, 2909),
(68, 'Frontier Airlines_68', 'Frontier Airlines', 200, 200, 223, 100, 100, 510, 50, 50, 2486),
(69, 'Alaska Airlines_69', 'Alaska Airlines', 200, 1, 143, 100, 6, 445, 50, 46, 1387),
(70, 'American Airlines_70', 'American Airlines', 200, 40, 269, 100, 88, 279, 50, 7, 1533),
(71, 'Virgin America_71', 'Virgin America', 200, 200, 237, 100, 100, 532, 50, 50, 1596),
(72, 'United Airlines_72', 'United Airlines', 200, 200, 170, 100, 100, 365, 50, 50, 1887),
(73, 'Air France_73', 'Air France', 200, 134, 204, 100, 60, 599, 50, 48, 2099),
(74, 'American Airlines_74', 'American Airlines', 200, 79, 121, 100, 63, 490, 50, 40, 1771),
(75, 'Frontier Airlines_75', 'Frontier Airlines', 200, 45, 114, 100, 13, 466, 50, 20, 1288),
(76, 'United Airlines_76', 'United Airlines', 200, 50, 104, 100, 10, 432, 50, 24, 1477),
(77, 'Delta Airlines_77', 'Delta Airlines', 200, 3, 162, 100, 39, 383, 50, 44, 1965),
(78, 'British Airways_78', 'British Airways', 200, 107, 158, 100, 70, 594, 50, 19, 2863),
(79, 'Frontier Airlines_79', 'Frontier Airlines', 200, 69, 130, 100, 39, 335, 50, 12, 2430),
(80, 'United Airlines_80', 'United Airlines', 200, 95, 170, 100, 81, 363, 50, 47, 2484),
(81, 'Air France_81', 'Air France', 200, 126, 160, 100, 8, 503, 50, 26, 2068),
(82, 'Air France_82', 'Air France', 200, 159, 221, 100, 61, 500, 50, 11, 1486),
(83, 'Southwest Airlines_83', 'Southwest Airlines', 200, 121, 294, 100, 68, 409, 50, 22, 1929),
(84, 'Southwest Airlines_84', 'Southwest Airlines', 200, 54, 101, 100, 17, 363, 50, 11, 2603),
(85, 'JetBlue_85', 'JetBlue', 200, 89, 263, 100, 2, 464, 50, 25, 1597),
(86, 'British Airways_86', 'British Airways', 200, 77, 259, 100, 83, 480, 50, 0, 2712),
(87, 'Alaska Airlines_87', 'Alaska Airlines', 200, 181, 164, 100, 65, 494, 50, 36, 2903),
(88, 'United Airlines_88', 'United Airlines', 200, 114, 134, 100, 50, 257, 50, 12, 1825),
(89, 'Air New Zealand_89', 'Air New Zealand', 200, 163, 192, 100, 44, 315, 50, 35, 1079),
(90, 'American Airlines_90', 'American Airlines', 200, 55, 205, 100, 54, 433, 50, 23, 2227),
(91, 'United Airlines_91', 'United Airlines', 200, 200, 117, 100, 100, 452, 50, 50, 2438),
(92, 'JetBlue_92', 'JetBlue', 200, 65, 101, 100, 46, 406, 50, 31, 1593),
(93, 'Southwest Airlines_93', 'Southwest Airlines', 200, 175, 219, 100, 70, 466, 50, 10, 1785),
(94, 'JetBlue_94', 'JetBlue', 200, 23, 177, 100, 71, 256, 50, 46, 2902),
(95, 'American Airlines_95', 'American Airlines', 200, 200, 159, 100, 100, 495, 50, 50, 1390),
(96, 'JetBlue_96', 'JetBlue', 200, 113, 237, 100, 20, 241, 50, 14, 1745),
(97, 'Frontier Airlines_97', 'Frontier Airlines', 200, 200, 172, 100, 100, 499, 50, 50, 2181),
(98, 'Air New Zealand_98', 'Air New Zealand', 200, 200, 102, 100, 100, 382, 50, 50, 2269),
(99, 'Delta Airlines_99', 'Delta Airlines', 200, 13, 117, 100, 26, 536, 50, 27, 2352),
(100, 'Delta Airlines_100', 'Delta Airlines', 200, 200, 242, 100, 100, 411, 50, 50, 2283),
(101, 'Virgin America_101', 'Virgin America', 200, 68, 193, 100, 67, 353, 50, 16, 2678),
(102, 'British Airways_102', 'British Airways', 200, 67, 213, 100, 16, 516, 50, 49, 2447),
(103, 'British Airways_103', 'British Airways', 200, 87, 211, 100, 17, 374, 50, 41, 2715),
(104, 'Alaska Airlines_104', 'Alaska Airlines', 200, 109, 130, 100, 57, 584, 50, 13, 2610),
(105, 'JetBlue_105', 'JetBlue', 200, 138, 255, 100, 43, 456, 50, 2, 2114),
(106, 'Air New Zealand_106', 'Air New Zealand', 200, 200, 148, 100, 100, 366, 50, 50, 1447),
(107, 'Delta Airlines_107', 'Delta Airlines', 200, 200, 259, 100, 100, 478, 50, 50, 2609),
(108, 'United Airlines_108', 'United Airlines', 200, 86, 232, 100, 79, 590, 50, 0, 2135),
(109, 'United Airlines_109', 'United Airlines', 200, 122, 122, 100, 65, 537, 50, 27, 1334),
(110, 'Alaska Airlines_110', 'Alaska Airlines', 200, 167, 201, 100, 50, 488, 50, 27, 1945),
(111, 'American Airlines_111', 'American Airlines', 200, 200, 142, 100, 100, 505, 50, 50, 1935),
(112, 'American Airlines_112', 'American Airlines', 200, 29, 257, 100, 53, 529, 50, 5, 2238),
(113, 'United Airlines_113', 'United Airlines', 200, 92, 103, 100, 26, 257, 50, 38, 1258),
(114, 'Southwest Airlines_114', 'Southwest Airlines', 200, 126, 168, 100, 52, 333, 50, 19, 1450),
(115, 'Alaska Airlines_115', 'Alaska Airlines', 200, 34, 189, 100, 65, 357, 50, 0, 2897),
(116, 'American Airlines_116', 'American Airlines', 200, 67, 256, 100, 84, 467, 50, 7, 1619),
(117, 'Southwest Airlines_117', 'Southwest Airlines', 200, 162, 108, 100, 47, 205, 50, 13, 1575),
(118, 'United Airlines_118', 'United Airlines', 200, 65, 170, 100, 60, 544, 50, 46, 1797),
(119, 'JetBlue_119', 'JetBlue', 200, 152, 223, 100, 12, 544, 50, 36, 1122),
(120, 'Delta Airlines_120', 'Delta Airlines', 200, 101, 161, 100, 98, 268, 50, 17, 1686),
(121, 'JetBlue_121', 'JetBlue', 200, 200, 269, 100, 100, 268, 50, 50, 2374),
(122, 'United Airlines_122', 'United Airlines', 200, 4, 125, 100, 20, 383, 50, 28, 1056),
(123, 'Air New Zealand_123', 'Air New Zealand', 200, 162, 115, 100, 24, 568, 50, 31, 2417),
(124, 'Virgin America_124', 'Virgin America', 200, 122, 124, 100, 67, 520, 50, 24, 2946),
(125, 'Southwest Airlines_125', 'Southwest Airlines', 200, 200, 154, 100, 100, 230, 50, 50, 1443),
(126, 'American Airlines_126', 'American Airlines', 200, 178, 288, 100, 92, 372, 50, 18, 2715),
(127, 'Air New Zealand_127', 'Air New Zealand', 200, 10, 201, 100, 4, 458, 50, 37, 2004),
(128, 'Delta Airlines_128', 'Delta Airlines', 200, 149, 266, 100, 64, 301, 50, 34, 2200),
(129, 'Air France_129', 'Air France', 200, 94, 189, 100, 89, 562, 50, 49, 2550),
(130, 'American Airlines_130', 'American Airlines', 200, 200, 199, 100, 100, 557, 50, 50, 2618),
(131, 'American Airlines_131', 'American Airlines', 200, 164, 173, 100, 22, 552, 50, 41, 1510),
(132, 'Air France_132', 'Air France', 200, 65, 235, 100, 16, 453, 50, 32, 2038),
(133, 'Virgin America_133', 'Virgin America', 200, 67, 101, 100, 26, 432, 50, 23, 1281),
(134, 'Alaska Airlines_134', 'Alaska Airlines', 200, 41, 133, 100, 68, 545, 50, 13, 2456),
(135, 'United Airlines_135', 'United Airlines', 200, 65, 134, 100, 5, 471, 50, 8, 1000),
(136, 'Southwest Airlines_136', 'Southwest Airlines', 200, 200, 111, 100, 100, 409, 50, 50, 1425),
(137, 'Air New Zealand_137', 'Air New Zealand', 200, 184, 168, 100, 33, 263, 50, 30, 2140),
(138, 'Air New Zealand_138', 'Air New Zealand', 200, 55, 211, 100, 39, 540, 50, 39, 1700),
(139, 'American Airlines_139', 'American Airlines', 200, 38, 183, 100, 28, 220, 50, 48, 1438),
(140, 'United Airlines_140', 'United Airlines', 200, 66, 126, 100, 17, 502, 50, 24, 2539),
(141, 'Delta Airlines_141', 'Delta Airlines', 200, 196, 123, 100, 40, 362, 50, 43, 2152),
(142, 'American Airlines_142', 'American Airlines', 200, 200, 176, 100, 100, 346, 50, 50, 2833),
(143, 'Alaska Airlines_143', 'Alaska Airlines', 200, 142, 119, 100, 76, 296, 50, 27, 1548),
(144, 'Delta Airlines_144', 'Delta Airlines', 200, 200, 241, 100, 100, 259, 50, 50, 2024),
(145, 'Air New Zealand_145', 'Air New Zealand', 200, 130, 177, 100, 75, 561, 50, 20, 1694),
(146, 'Air France_146', 'Air France', 200, 75, 200, 100, 65, 476, 50, 14, 2140),
(147, 'Virgin America_147', 'Virgin America', 200, 167, 234, 100, 32, 449, 50, 14, 2293),
(148, 'United Airlines_148', 'United Airlines', 200, 4, 135, 100, 7, 479, 50, 14, 2895),
(149, 'Alaska Airlines_149', 'Alaska Airlines', 200, 200, 216, 100, 100, 263, 50, 50, 1801),
(150, 'United Airlines_150', 'United Airlines', 200, 67, 267, 100, 50, 307, 50, 27, 2871),
(151, 'American Airlines_151', 'American Airlines', 200, 5, 284, 100, 82, 576, 50, 19, 1454),
(152, 'United Airlines_152', 'United Airlines', 200, 181, 110, 100, 47, 294, 50, 42, 1387),
(153, 'American Airlines_153', 'American Airlines', 200, 101, 157, 100, 73, 232, 50, 43, 1954),
(154, 'Alaska Airlines_154', 'Alaska Airlines', 200, 116, 177, 100, 43, 208, 50, 42, 2974),
(155, 'American Airlines_155', 'American Airlines', 200, 200, 179, 100, 100, 540, 50, 50, 2097),
(156, 'Southwest Airlines_156', 'Southwest Airlines', 200, 45, 172, 100, 39, 219, 50, 40, 1731),
(157, 'Air New Zealand_157', 'Air New Zealand', 200, 8, 190, 100, 11, 408, 50, 49, 2167),
(158, 'American Airlines_158', 'American Airlines', 200, 86, 143, 100, 58, 495, 50, 33, 2446),
(159, 'JetBlue_159', 'JetBlue', 200, 16, 149, 100, 81, 327, 50, 0, 2829),
(160, 'United Airlines_160', 'United Airlines', 200, 90, 274, 100, 10, 227, 50, 33, 2582),
(161, 'Delta Airlines_161', 'Delta Airlines', 200, 61, 174, 100, 42, 410, 50, 46, 1534),
(162, 'American Airlines_162', 'American Airlines', 200, 122, 215, 100, 88, 573, 50, 8, 2280),
(163, 'Alaska Airlines_163', 'Alaska Airlines', 200, 200, 191, 100, 100, 284, 50, 50, 1616),
(164, 'United Airlines_164', 'United Airlines', 200, 197, 240, 100, 99, 205, 50, 37, 2028),
(165, 'Southwest Airlines_165', 'Southwest Airlines', 200, 90, 138, 100, 71, 516, 50, 40, 2712),
(166, 'Frontier Airlines_166', 'Frontier Airlines', 200, 58, 143, 100, 31, 246, 50, 8, 1070),
(167, 'JetBlue_167', 'JetBlue', 200, 32, 135, 100, 1, 358, 50, 27, 2744),
(168, 'Alaska Airlines_168', 'Alaska Airlines', 200, 14, 187, 100, 67, 462, 50, 16, 1537),
(169, 'British Airways_169', 'British Airways', 200, 106, 232, 100, 18, 200, 50, 49, 1167),
(170, 'JetBlue_170', 'JetBlue', 200, 126, 200, 100, 46, 452, 50, 4, 1655),
(171, 'British Airways_171', 'British Airways', 200, 150, 277, 100, 76, 348, 50, 8, 1394),
(172, 'Air New Zealand_172', 'Air New Zealand', 200, 16, 148, 100, 7, 300, 50, 25, 2139),
(173, 'Alaska Airlines_173', 'Alaska Airlines', 200, 145, 198, 100, 97, 286, 50, 34, 1956),
(174, 'Virgin America_174', 'Virgin America', 200, 144, 232, 100, 30, 537, 50, 14, 2204),
(175, 'British Airways_175', 'British Airways', 200, 78, 105, 100, 23, 209, 50, 42, 1280),
(176, 'JetBlue_176', 'JetBlue', 200, 95, 115, 100, 89, 403, 50, 37, 2004),
(177, 'American Airlines_177', 'American Airlines', 200, 88, 265, 100, 24, 213, 50, 32, 1031),
(178, 'Southwest Airlines_178', 'Southwest Airlines', 200, 200, 215, 100, 100, 584, 50, 50, 2367),
(179, 'Alaska Airlines_179', 'Alaska Airlines', 200, 83, 242, 100, 55, 292, 50, 0, 2347),
(180, 'Air New Zealand_180', 'Air New Zealand', 200, 200, 137, 100, 100, 243, 50, 50, 1852),
(181, 'Southwest Airlines_181', 'Southwest Airlines', 200, 126, 270, 100, 74, 210, 50, 4, 1134),
(182, 'Frontier Airlines_182', 'Frontier Airlines', 200, 99, 261, 100, 15, 297, 50, 8, 1499),
(183, 'United Airlines_183', 'United Airlines', 200, 100, 221, 100, 39, 592, 50, 48, 1720),
(184, 'Southwest Airlines_184', 'Southwest Airlines', 200, 66, 298, 100, 47, 576, 50, 44, 1390),
(185, 'Alaska Airlines_185', 'Alaska Airlines', 200, 122, 293, 100, 11, 229, 50, 7, 2791),
(186, 'Southwest Airlines_186', 'Southwest Airlines', 200, 32, 148, 100, 36, 464, 50, 29, 2243),
(187, 'British Airways_187', 'British Airways', 200, 91, 163, 100, 50, 245, 50, 29, 2946),
(188, 'American Airlines_188', 'American Airlines', 200, 106, 272, 100, 81, 269, 50, 1, 1422),
(189, 'Frontier Airlines_189', 'Frontier Airlines', 200, 175, 280, 100, 32, 272, 50, 28, 1482),
(190, 'Southwest Airlines_190', 'Southwest Airlines', 200, 130, 270, 100, 21, 436, 50, 45, 1646),
(191, 'Alaska Airlines_191', 'Alaska Airlines', 200, 26, 260, 100, 17, 380, 50, 36, 1047),
(192, 'Alaska Airlines_192', 'Alaska Airlines', 200, 131, 288, 100, 30, 400, 50, 21, 2883),
(193, 'Virgin America_193', 'Virgin America', 200, 200, 201, 100, 100, 493, 50, 50, 1292),
(194, 'Virgin America_194', 'Virgin America', 200, 145, 194, 100, 15, 201, 50, 7, 2071),
(195, 'Air New Zealand_195', 'Air New Zealand', 200, 200, 166, 100, 100, 266, 50, 50, 1936),
(196, 'Air France_196', 'Air France', 200, 131, 220, 100, 48, 368, 50, 22, 1308),
(197, 'Delta Airlines_197', 'Delta Airlines', 200, 66, 272, 100, 64, 418, 50, 46, 2268),
(198, 'Delta Airlines_198', 'Delta Airlines', 200, 186, 142, 100, 26, 516, 50, 2, 2744),
(199, 'Alaska Airlines_199', 'Alaska Airlines', 200, 200, 121, 100, 100, 438, 50, 50, 2789),
(200, 'American Airlines_200', 'American Airlines', 200, 200, 139, 100, 100, 578, 50, 50, 2163),
(201, 'Air France_201', 'Air France', 200, 143, 288, 100, 91, 588, 50, 46, 1333),
(202, 'American Airlines_202', 'American Airlines', 200, 200, 222, 100, 100, 296, 50, 50, 1032),
(203, 'Frontier Airlines_203', 'Frontier Airlines', 200, 200, 207, 100, 100, 510, 50, 50, 1157),
(204, 'Air France_204', 'Air France', 200, 145, 297, 100, 86, 394, 50, 32, 2192),
(205, 'Air France_205', 'Air France', 200, 50, 206, 100, 28, 243, 50, 37, 1284),
(206, 'Air New Zealand_206', 'Air New Zealand', 200, 200, 110, 100, 100, 520, 50, 50, 1697),
(207, 'Delta Airlines_207', 'Delta Airlines', 200, 89, 266, 100, 84, 341, 50, 14, 2180),
(208, 'JetBlue_208', 'JetBlue', 200, 200, 115, 100, 100, 247, 50, 50, 1629),
(209, 'Frontier Airlines_209', 'Frontier Airlines', 200, 53, 239, 100, 5, 249, 50, 39, 2298),
(210, 'Frontier Airlines_210', 'Frontier Airlines', 200, 149, 197, 100, 59, 484, 50, 49, 2623),
(211, 'Air France_211', 'Air France', 200, 140, 211, 100, 44, 220, 50, 46, 1945),
(212, 'Virgin America_212', 'Virgin America', 200, 21, 264, 100, 40, 457, 50, 8, 1147),
(213, 'Air New Zealand_213', 'Air New Zealand', 200, 136, 175, 100, 5, 433, 50, 29, 1484),
(214, 'Air France_214', 'Air France', 200, 37, 244, 100, 24, 518, 50, 17, 2851),
(215, 'Alaska Airlines_215', 'Alaska Airlines', 200, 145, 105, 100, 79, 267, 50, 2, 2438),
(216, 'United Airlines_216', 'United Airlines', 200, 196, 200, 100, 48, 597, 50, 17, 1197),
(217, 'United Airlines_217', 'United Airlines', 200, 10, 234, 100, 42, 337, 50, 41, 1841),
(218, 'British Airways_218', 'British Airways', 200, 99, 162, 100, 88, 305, 50, 4, 1849),
(219, 'British Airways_219', 'British Airways', 200, 3, 162, 100, 23, 494, 50, 36, 2905),
(220, 'JetBlue_220', 'JetBlue', 200, 110, 298, 100, 20, 480, 50, 10, 1075),
(221, 'Alaska Airlines_221', 'Alaska Airlines', 200, 107, 202, 100, 1, 452, 50, 26, 1031),
(222, 'JetBlue_222', 'JetBlue', 200, 200, 218, 100, 100, 417, 50, 50, 2068),
(223, 'British Airways_223', 'British Airways', 200, 31, 147, 100, 73, 575, 50, 42, 1622),
(224, 'British Airways_224', 'British Airways', 200, 180, 242, 100, 73, 326, 50, 9, 2203),
(225, 'JetBlue_225', 'JetBlue', 200, 25, 253, 100, 21, 354, 50, 27, 2358),
(226, 'Alaska Airlines_226', 'Alaska Airlines', 200, 65, 221, 100, 0, 343, 50, 29, 1993),
(227, 'Air France_227', 'Air France', 200, 151, 180, 100, 77, 466, 50, 11, 1114),
(228, 'Air France_228', 'Air France', 200, 66, 297, 100, 33, 290, 50, 30, 1916),
(229, 'Southwest Airlines_229', 'Southwest Airlines', 200, 15, 191, 100, 24, 354, 50, 14, 1752),
(230, 'Frontier Airlines_230', 'Frontier Airlines', 200, 18, 100, 100, 34, 413, 50, 35, 2470),
(231, 'JetBlue_231', 'JetBlue', 200, 145, 145, 100, 92, 352, 50, 5, 1659),
(232, 'United Airlines_232', 'United Airlines', 200, 13, 264, 100, 45, 583, 50, 35, 1161),
(233, 'Alaska Airlines_233', 'Alaska Airlines', 200, 57, 276, 100, 77, 539, 50, 31, 1579),
(234, 'American Airlines_234', 'American Airlines', 200, 178, 291, 100, 13, 344, 50, 32, 2633),
(235, 'British Airways_235', 'British Airways', 200, 46, 236, 100, 39, 243, 50, 12, 1808),
(236, 'United Airlines_236', 'United Airlines', 200, 90, 223, 100, 0, 592, 50, 33, 1375),
(237, 'Delta Airlines_237', 'Delta Airlines', 200, 156, 256, 100, 88, 427, 50, 44, 1760),
(238, 'JetBlue_238', 'JetBlue', 200, 51, 151, 100, 83, 453, 50, 44, 1822),
(239, 'Air France_239', 'Air France', 200, 14, 239, 100, 4, 457, 50, 44, 2596),
(240, 'Southwest Airlines_240', 'Southwest Airlines', 200, 163, 209, 100, 37, 224, 50, 39, 1545),
(241, 'Virgin America_241', 'Virgin America', 200, 29, 117, 100, 89, 393, 50, 1, 1397),
(242, 'American Airlines_242', 'American Airlines', 200, 194, 228, 100, 86, 239, 50, 8, 1024),
(243, 'Southwest Airlines_243', 'Southwest Airlines', 200, 119, 292, 100, 42, 586, 50, 32, 1449),
(244, 'American Airlines_244', 'American Airlines', 200, 126, 154, 100, 63, 363, 50, 40, 2663),
(245, 'Delta Airlines_245', 'Delta Airlines', 200, 194, 242, 100, 68, 539, 50, 1, 2436),
(246, 'Alaska Airlines_246', 'Alaska Airlines', 200, 167, 190, 100, 5, 362, 50, 9, 2486),
(247, 'United Airlines_247', 'United Airlines', 200, 13, 145, 100, 30, 239, 50, 7, 1570),
(248, 'Delta Airlines_248', 'Delta Airlines', 200, 200, 174, 100, 100, 575, 50, 50, 1386),
(249, 'JetBlue_249', 'JetBlue', 200, 79, 148, 100, 49, 274, 50, 26, 1452),
(250, 'Alaska Airlines_250', 'Alaska Airlines', 200, 32, 101, 100, 88, 387, 50, 20, 2707);

-- --------------------------------------------------------

--
-- Dumping data for table `lands`
--

INSERT INTO `lands` (`ID`, `airport_ID`, `flight_ID`, `date_time`) VALUES
(1, 5, 1, '2022-12-14 00:41:26'),
(2, 5, 2, '2022-12-14 06:47:34'),
(3, 5, 3, '2022-12-14 10:26:41'),
(4, 5, 4, '2022-12-14 05:44:36'),
(5, 5, 5, '2022-12-14 07:47:50'),
(6, 3, 6, '2022-12-18 12:48:05'),
(7, 3, 7, '2022-12-18 20:06:15'),
(8, 3, 8, '2022-12-18 06:54:41'),
(9, 3, 9, '2022-12-18 17:52:28'),
(10, 3, 10, '2022-12-18 07:46:22'),
(11, 7, 11, '2022-12-14 06:43:52'),
(12, 7, 12, '2022-12-14 10:52:31'),
(13, 7, 13, '2022-12-14 09:59:51'),
(14, 7, 14, '2022-12-14 03:52:40'),
(15, 7, 15, '2022-12-14 08:23:21'),
(16, 7, 16, '2022-12-17 09:14:16'),
(17, 7, 17, '2022-12-17 05:42:34'),
(18, 7, 18, '2022-12-17 04:36:44'),
(19, 7, 19, '2022-12-17 08:50:22'),
(20, 7, 20, '2022-12-17 05:05:05'),
(21, 8, 21, '2022-12-15 10:27:32'),
(22, 8, 22, '2022-12-15 08:38:25'),
(23, 8, 23, '2022-12-15 11:52:38'),
(24, 8, 24, '2022-12-15 12:52:15'),
(25, 8, 25, '2022-12-15 09:44:56'),
(26, 8, 26, '2022-12-14 02:19:22'),
(27, 8, 27, '2022-12-14 02:26:42'),
(28, 8, 28, '2022-12-14 14:05:53'),
(29, 8, 29, '2022-12-14 05:24:25'),
(30, 8, 30, '2022-12-14 12:02:16'),
(31, 3, 31, '2022-12-20 20:44:01'),
(32, 3, 32, '2022-12-20 18:44:39'),
(33, 3, 33, '2022-12-20 19:32:31'),
(34, 3, 34, '2022-12-20 21:17:13'),
(35, 3, 35, '2022-12-21 02:27:54'),
(36, 9, 36, '2022-12-18 13:08:46'),
(37, 9, 37, '2022-12-18 21:15:21'),
(38, 9, 38, '2022-12-18 09:21:05'),
(39, 9, 39, '2022-12-18 08:24:35'),
(40, 9, 40, '2022-12-18 13:16:07'),
(41, 11, 41, '2022-12-17 04:36:44'),
(42, 11, 42, '2022-12-17 05:01:53'),
(43, 11, 43, '2022-12-17 11:48:40'),
(44, 11, 44, '2022-12-17 10:38:41'),
(45, 11, 45, '2022-12-17 10:49:06'),
(46, 1, 46, '2022-12-13 08:10:39'),
(47, 1, 47, '2022-12-13 21:41:54'),
(48, 1, 48, '2022-12-13 10:03:36'),
(49, 1, 49, '2022-12-13 12:13:51'),
(50, 1, 50, '2022-12-13 13:54:45'),
(51, 3, 51, '2022-12-18 08:58:31'),
(52, 3, 52, '2022-12-18 15:57:18'),
(53, 3, 53, '2022-12-18 11:47:53'),
(54, 3, 54, '2022-12-18 20:46:58'),
(55, 3, 55, '2022-12-18 16:37:46'),
(56, 8, 56, '2022-12-18 17:01:57'),
(57, 8, 57, '2022-12-18 10:13:48'),
(58, 8, 58, '2022-12-18 11:35:30'),
(59, 8, 59, '2022-12-18 09:29:14'),
(60, 8, 60, '2022-12-18 14:14:17'),
(61, 9, 61, '2022-12-15 03:06:57'),
(62, 9, 62, '2022-12-15 11:07:33'),
(63, 9, 63, '2022-12-15 07:07:53'),
(64, 9, 64, '2022-12-15 10:47:16'),
(65, 9, 65, '2022-12-15 00:30:52'),
(66, 0, 66, '2022-12-20 19:12:42'),
(67, 0, 67, '2022-12-20 22:20:26'),
(68, 0, 68, '2022-12-20 11:37:15'),
(69, 0, 69, '2022-12-20 11:43:48'),
(70, 0, 70, '2022-12-20 14:56:25'),
(71, 2, 71, '2022-12-13 18:32:42'),
(72, 2, 72, '2022-12-13 17:05:49'),
(73, 2, 73, '2022-12-14 02:15:43'),
(74, 2, 74, '2022-12-13 23:24:08'),
(75, 2, 75, '2022-12-14 00:43:58'),
(76, 4, 76, '2022-12-21 18:13:09'),
(77, 4, 77, '2022-12-22 00:23:41'),
(78, 4, 78, '2022-12-21 21:45:57'),
(79, 4, 79, '2022-12-22 03:04:24'),
(80, 4, 80, '2022-12-21 19:51:08'),
(81, 11, 81, '2022-12-17 19:57:04'),
(82, 11, 82, '2022-12-17 20:08:52'),
(83, 11, 83, '2022-12-17 22:07:46'),
(84, 11, 84, '2022-12-17 18:17:21'),
(85, 11, 85, '2022-12-17 19:26:55'),
(86, 1, 86, '2022-12-17 19:46:02'),
(87, 1, 87, '2022-12-17 21:57:05'),
(88, 1, 88, '2022-12-17 12:28:50'),
(89, 1, 89, '2022-12-17 14:33:09'),
(90, 1, 90, '2022-12-17 20:12:36'),
(91, 5, 91, '2022-12-14 16:56:56'),
(92, 5, 92, '2022-12-15 03:27:29'),
(93, 5, 93, '2022-12-14 15:04:15'),
(94, 5, 94, '2022-12-14 11:21:21'),
(95, 5, 95, '2022-12-15 00:53:47'),
(96, 0, 96, '2022-12-14 18:15:23'),
(97, 0, 97, '2022-12-14 19:53:10'),
(98, 0, 98, '2022-12-14 09:11:57'),
(99, 0, 99, '2022-12-14 10:59:03'),
(100, 0, 100, '2022-12-14 19:45:54'),
(101, 9, 101, '2022-12-16 01:54:20'),
(102, 9, 102, '2022-12-15 15:53:10'),
(103, 9, 103, '2022-12-15 13:59:18'),
(104, 9, 104, '2022-12-15 19:54:25'),
(105, 9, 105, '2022-12-15 13:01:42'),
(106, 8, 106, '2022-12-15 07:45:17'),
(107, 8, 107, '2022-12-15 12:40:03'),
(108, 8, 108, '2022-12-15 13:26:42'),
(109, 8, 109, '2022-12-15 08:13:54'),
(110, 8, 110, '2022-12-15 10:34:37'),
(111, 12, 111, '2022-12-16 19:24:14'),
(112, 12, 112, '2022-12-16 18:15:56'),
(113, 12, 113, '2022-12-17 00:05:20'),
(114, 12, 114, '2022-12-16 22:30:18'),
(115, 12, 115, '2022-12-16 17:05:31'),
(116, 2, 116, '2022-12-19 01:24:58'),
(117, 2, 117, '2022-12-19 01:37:01'),
(118, 2, 118, '2022-12-18 18:30:33'),
(119, 2, 119, '2022-12-18 20:47:21'),
(120, 2, 120, '2022-12-19 10:20:38'),
(121, 11, 121, '2022-12-13 20:06:00'),
(122, 11, 122, '2022-12-13 09:36:01'),
(123, 11, 123, '2022-12-13 16:17:46'),
(124, 11, 124, '2022-12-13 07:54:34'),
(125, 11, 125, '2022-12-13 17:14:01'),
(126, 5, 126, '2022-12-13 16:29:40'),
(127, 5, 127, '2022-12-14 04:03:40'),
(128, 5, 128, '2022-12-14 00:57:48'),
(129, 5, 129, '2022-12-13 18:23:22'),
(130, 5, 130, '2022-12-13 23:02:09'),
(131, 7, 131, '2022-12-16 08:11:07'),
(132, 7, 132, '2022-12-16 08:25:47'),
(133, 7, 133, '2022-12-15 23:52:19'),
(134, 7, 134, '2022-12-15 23:18:04'),
(135, 7, 135, '2022-12-16 09:51:34'),
(136, 3, 136, '2022-12-19 10:10:56'),
(137, 3, 137, '2022-12-18 21:09:26'),
(138, 3, 138, '2022-12-19 03:00:19'),
(139, 3, 139, '2022-12-18 19:09:04'),
(140, 3, 140, '2022-12-19 07:39:50'),
(141, 4, 141, '2022-12-13 20:07:42'),
(142, 4, 142, '2022-12-13 08:36:37'),
(143, 4, 143, '2022-12-13 11:36:00'),
(144, 4, 144, '2022-12-13 16:15:55'),
(145, 4, 145, '2022-12-14 00:08:17'),
(146, 4, 146, '2022-12-14 20:48:05'),
(147, 4, 147, '2022-12-15 00:05:26'),
(148, 4, 148, '2022-12-15 00:49:15'),
(149, 4, 149, '2022-12-15 02:09:00'),
(150, 4, 150, '2022-12-15 04:04:36'),
(151, 12, 151, '2022-12-16 13:06:55'),
(152, 12, 152, '2022-12-16 05:57:14'),
(153, 12, 153, '2022-12-15 23:08:09'),
(154, 12, 154, '2022-12-15 23:33:39'),
(155, 12, 155, '2022-12-16 12:32:56'),
(156, 9, 156, '2022-12-13 13:02:35'),
(157, 9, 157, '2022-12-13 09:12:10'),
(158, 9, 158, '2022-12-13 10:01:54'),
(159, 9, 159, '2022-12-13 09:14:04'),
(160, 9, 160, '2022-12-13 17:19:38'),
(161, 10, 161, '2022-12-14 08:11:30'),
(162, 10, 162, '2022-12-14 14:38:07'),
(163, 10, 163, '2022-12-14 12:50:21'),
(164, 10, 164, '2022-12-14 22:36:18'),
(165, 10, 165, '2022-12-14 14:33:34'),
(166, 9, 166, '2022-12-17 09:32:57'),
(167, 9, 167, '2022-12-17 09:55:31'),
(168, 9, 168, '2022-12-17 12:27:53'),
(169, 9, 169, '2022-12-17 12:36:39'),
(170, 9, 170, '2022-12-17 19:40:34'),
(171, 3, 171, '2022-12-17 18:54:45'),
(172, 3, 172, '2022-12-17 06:21:22'),
(173, 3, 173, '2022-12-17 06:08:29'),
(174, 3, 174, '2022-12-17 06:09:12'),
(175, 3, 175, '2022-12-17 02:54:29'),
(176, 7, 176, '2022-12-17 20:05:10'),
(177, 7, 177, '2022-12-17 13:35:41'),
(178, 7, 178, '2022-12-17 10:43:24'),
(179, 7, 179, '2022-12-17 14:38:38'),
(180, 7, 180, '2022-12-17 11:07:25'),
(181, 7, 181, '2022-12-16 21:49:00'),
(182, 7, 182, '2022-12-17 09:04:51'),
(183, 7, 183, '2022-12-16 22:54:30'),
(184, 7, 184, '2022-12-16 22:39:15'),
(185, 7, 185, '2022-12-17 05:22:30'),
(186, 0, 186, '2022-12-16 08:17:55'),
(187, 0, 187, '2022-12-15 22:08:53'),
(188, 0, 188, '2022-12-15 23:17:13'),
(189, 0, 189, '2022-12-16 01:04:22'),
(190, 0, 190, '2022-12-16 10:17:35'),
(191, 2, 191, '2022-12-15 02:17:34'),
(192, 2, 192, '2022-12-15 07:36:32'),
(193, 2, 193, '2022-12-15 05:04:58'),
(194, 2, 194, '2022-12-15 09:24:10'),
(195, 2, 195, '2022-12-15 01:26:35'),
(196, 5, 196, '2022-12-16 06:35:40'),
(197, 5, 197, '2022-12-16 04:40:55'),
(198, 5, 198, '2022-12-16 16:46:33'),
(199, 5, 199, '2022-12-16 08:42:50'),
(200, 5, 200, '2022-12-16 07:40:13'),
(201, 11, 201, '2022-12-15 03:06:59'),
(202, 11, 202, '2022-12-15 03:26:36'),
(203, 11, 203, '2022-12-14 21:41:58'),
(204, 11, 204, '2022-12-15 01:33:59'),
(205, 11, 205, '2022-12-15 06:52:38'),
(206, 7, 206, '2022-12-18 04:50:20'),
(207, 7, 207, '2022-12-17 20:48:54'),
(208, 7, 208, '2022-12-17 20:54:04'),
(209, 7, 209, '2022-12-18 01:11:44'),
(210, 7, 210, '2022-12-17 17:22:37'),
(211, 10, 211, '2022-12-13 17:08:25'),
(212, 10, 212, '2022-12-13 22:46:11'),
(213, 10, 213, '2022-12-13 21:17:32'),
(214, 10, 214, '2022-12-14 04:49:54'),
(215, 10, 215, '2022-12-13 17:30:25'),
(216, 9, 216, '2022-12-18 00:48:05'),
(217, 9, 217, '2022-12-18 05:22:19'),
(218, 9, 218, '2022-12-18 00:53:59'),
(219, 9, 219, '2022-12-18 01:55:30'),
(220, 9, 220, '2022-12-18 12:09:28'),
(221, 10, 221, '2022-12-17 15:25:34'),
(222, 10, 222, '2022-12-17 16:01:20'),
(223, 10, 223, '2022-12-17 14:23:19'),
(224, 10, 224, '2022-12-17 21:55:10'),
(225, 10, 225, '2022-12-17 16:56:24'),
(226, 5, 226, '2022-12-14 03:56:06'),
(227, 5, 227, '2022-12-14 02:34:15'),
(228, 5, 228, '2022-12-14 05:13:04'),
(229, 5, 229, '2022-12-14 08:45:38'),
(230, 5, 230, '2022-12-13 23:06:58'),
(231, 9, 231, '2022-12-16 22:03:44'),
(232, 9, 232, '2022-12-16 09:34:17'),
(233, 9, 233, '2022-12-16 09:17:57'),
(234, 9, 234, '2022-12-16 13:44:50'),
(235, 9, 235, '2022-12-16 20:33:18'),
(236, 7, 236, '2022-12-15 14:26:38'),
(237, 7, 237, '2022-12-15 17:16:48'),
(238, 7, 238, '2022-12-15 14:24:02'),
(239, 7, 239, '2022-12-15 15:25:54'),
(240, 7, 240, '2022-12-15 16:04:00'),
(241, 10, 241, '2022-12-16 07:10:15'),
(242, 10, 242, '2022-12-16 07:26:58'),
(243, 10, 243, '2022-12-16 02:30:12'),
(244, 10, 244, '2022-12-16 05:55:36'),
(245, 10, 245, '2022-12-16 05:26:57'),
(246, 11, 246, '2022-12-20 09:10:11'),
(247, 11, 247, '2022-12-20 13:45:32'),
(248, 11, 248, '2022-12-20 19:16:20'),
(249, 11, 249, '2022-12-20 05:48:00'),
(250, 11, 250, '2022-12-20 08:49:40');

-- --------------------------------------------------------

--
-- Dumping data for table `location`
--

INSERT INTO `location` (`ID`, `city`, `zip`, `state`, `country`) VALUES
(1, 'Atlanta', 1000, 'Georgia', 'USA'),
(2, 'Chicago', 1001, 'Illinois', 'USA'),
(3, 'Dallas', 1002, 'Texas', 'USA'),
(4, 'New York', 1003, 'New York', 'USA'),
(5, 'Los Angeles', 1004, 'California', 'USA'),
(6, 'San Francisco', 1005, 'California', 'USA'),
(7, 'Charlotte', 1006, 'North Carolina', 'USA'),
(8, 'Miami', 1007, 'Florida', 'USA'),
(9, 'Auckland', 2013, 'Auckland', 'New Zealand'),
(10, 'Sydney', 2014, 'New South Wales', 'Australia'),
(11, 'London', 2015, 'England', 'United Kingdom'),
(12, 'Paris', 2016, 'Ile-de-France', 'France'),
(13, 'Frankfurt', 2017, 'Hesse', 'Germany');

-- --------------------------------------------------------